,name,is_image_blur,wc=50,wc=60,wc=70,wc=80
0,imageBank/image1-blur.jpg,True,17.260568167832854,15.11188144039686,7.646541368260294,5.446245663953057
1,imageBank/image1.jpg,False,27.79612686703452,26.448701636935958,24.918423041912586,24.25040329728754
2,imageBank/image2-blur.jpg,True,5.711353155371896,3.8759230002575786,2.1584735657418617,1.2426632395659347
3,imageBank/image2.jpg,False,-5.954510423768148,-9.165009296712347,-12.861308121891257,-15.697141676061035
4,imageBank/image3-blur.jpg,True,6.7342117744610395,5.166262075809621,4.093939672303895,3.3117693475084398
5,imageBank/image3.jpg,False,-11.924186467914746,-15.828909045512452,-18.94263938080366,-21.43137802356744
6,imageBank/image4-blur.jpg,True,17.444120151210605,16.012103788514022,14.83752746126981,13.446612637536251
7,imageBank/image4.jpg,False,2.566841921633031,-1.30547166928791,-5.051022299538677,-8.201426919813061
